UserName,Timestamp,Post,Reply,Retweet,Likes
"Kevi
@Kmfamily1st
·
32s",2021-11-05T20:10:00.000Z,"Best Best Best :O #bitcoin $SPY $DOGE $AVA $ADA $UNI #news #ethereum $AAPL $NVDA $ETH $TSLA $AMZN #WSB #OOTT X $GLD $HBAR $QQQ $SOL #crypto $BNB $AMC $FB $SOL #wallstreetbets $GME #btc $AXS $ICP $SHIB $GRT $CAKE $DOT $XRP $LINK #DDTG
0:03",,,
"corqstonk
@corqtrade
·
1m",2021-11-05T20:08:37.000Z,"#wallstreetbets Weekend Discussion Thread for the Weekend of November 05, 2021 https://reddit.com/r/wallstreetbets/comments/qnjay6/weekend_discussion_thread_for_the_weekend_of/?utm_source=dlvr.it&utm_medium=%5Btwitter%5D&utm_campaign=%5Bcorqtrade%5D…",,,
"Star Ape
@StarApesRT
·
11m",2021-11-05T19:59:30.000Z,"  Come join our WallStreetBets community!
Platform makes headlines as the largest open-world metaverse on Binance Smart Chain https://cointelegraph.com/news/platform-makes-headlines-as-the-largest-open-world-metaverse-on-binance-smart-chain… via 
@cointelegraph
 @OfficialTCGCoin
 #ApesTogetherStrong #wallstreetbets #Metaverse #tcgworld
cointelegraph.com
Platform makes headlines as the largest open-world metaverse on Binance Smart Chain
NFTs have evolved into entire worlds and, perhaps more importantly, expansive user experiences
1",1,,
"topstonks
@topstonks
·
15m",2021-11-05T19:55:16.000Z,"$PINS one of the most mentioned on wallstreetbets over the last 24 hours

Via http://topstonks.com/stocks/PINS?st_pins…

#pins    #wallstreetbets",,,
"pmay
@pmay125
·
16m",2021-11-05T19:54:04.000Z,"Hey #wallstreetbets $GME $ETH $BTC, you might want to look at US Cannabis right about now. Could be last chance to beat the banks. $msos $tcnnf $curlf $gtbif $ayrwf $vrnof
1
13",1,,13
"Jimy.app
@JimyTwits
·
34m",2021-11-05T19:36:01.000Z,"$MRCC 

Like  
#ToTheMoon #Stocks #daytrading #trading #RedditArmy #YOLO #FOMO #StocksToBuy #wallstreetbets #investments #news #bottomfishing #StocksToWatch",,,
"Antonio
@AFtuit
·
34m",2021-11-05T19:36:00.000Z,"$MRCC 

Like  
#ToTheMoon #Stocks #daytrading #trading #RedditArmy #YOLO #FOMO #StocksToBuy #wallstreetbets #investments #news #bottomfishing #StocksToWatch",,,
"FINAP$E
@FintwitSynapse
·
40m",2021-11-05T19:30:07.000Z,"Top Trending Stocks on #fintwit: 
1. $SPY 
2. $QQQ 
3. $LCID 
4. $AMC
5. $SHIB
6. $AMZN
7. $BBBY
8. $LTRY
9. $ROKU
10. $TSLA

Telegram for frequent updates: 
https://bit.ly/3jLkwmO

#investing #stocks #wallstreetbets
1",,,1
"corqstonk
@corqtrade
·
45m",2021-11-05T19:25:32.000Z,#wallstreetbets ~244K gain on NVIDIA Calls (Closed Positions) https://reddit.com/r/wallstreetbets/comments/qngn4x/244k_gain_on_nvidia_calls_closed_positions/?utm_source=dlvr.it&utm_medium=%5Btwitter%5D&utm_campaign=%5Bcorqtrade%5D…,,,
"Ramsey Spigot
@RamseySpigot
·
49m",2021-11-05T19:21:11.000Z,"$PROG $PFE $AMC $FAMI $CRXT $JAN $ANY $CEI $RIOT $MRIN $MARA $PED $BBIG $CNET $BBI $CYRN $GME $METX $NAKD $OSMT $VYGR $SNDL $PALT $MRUS $DATS $XBIO $LMFA $SBET $UTME $ENZC $RGBP $SOS $PBTS $TIGR $ROOT $BEST $MRUS $GROM $DWAC $BENE $EVAX $SHIB.X $FATBB #stocktwits #wallstreetbets
1",,,1
"Defi Renaissance
@DefiMaverick
·
50m",2021-11-05T19:20:38.000Z,Cathy Woods selling massively…Shes not buying sky high  #wallstreetbets #Reddit #Bitcoin #Dogecoin #Tesls #Stonks,,,
"Zarathustra
@fly677
·
52m",2021-11-05T19:18:22.000Z,"https://prnewswire.com/news-releases/klarna-and-wish-expand-partnership-to-offer-us-shoppers-flexible-payment-solutions-301416647.html…

#WSB #WallStreetBets 

$WISH 

""Klarna and Wish expand partnership to offer US shoppers flexible payment solutions""
prnewswire.com
Klarna and Wish expand partnership to offer US shoppers flexible payment solutions
/PRNewswire/ -- Klarna, a leading global retail bank, payments and shopping service, today announced an expansion of its partnership with ContextLogic Inc....",,,
"Ramsey Spigot
@RamseySpigot
·
1h",2021-11-05T19:10:22.000Z,"$PROG $PFE $AMC $FAMI $CRXT $JAN $ANY $CEI $RIOT $MRIN $MARA $PED $BBIG $CNET $BBI $CYRN $GME $METX $NAKD $OSMT $VYGR $SNDL $PALT $MRUS $DATS $XBIO $LMFA $SBET $UTME $ENZC $RGBP $SOS $PBTS $TIGR $ROOT $BEST $MRUS $GROM $DWAC $BENE $EVAX $SHIB.X $FATBB #stocktwits #wallstreetbets
1
1",1,,1
"Pilar investimentos
@taissopilar
·
1h",2021-11-05T19:10:12.000Z,#wallstreetbets,,,
"here4fun
@PocketpayP
·
1h",2021-11-05T19:09:46.000Z,"Congads to $athc agreement with Atlas MBA #OTC 

$EEENF $GHAV $DPLS $AMC $GME $AAPL $FERN $MAPT $MJWL $GAXY $HCMC $NSAV $ICBU $EXMT $KYNC $NIO $TSLA $BZWR $PJET $CYBL $APTY $WDLF $HRBN $TPTW $LCLP 
 #trading #investment  #Pennystocks #wallstreetbets  #SHIB #doge #WallStreet
Quote Tweet
Accelerated Technologies Holding Corporation #ATHC
@ATHCOTC
 · 2h
$ATHC Accelerated Technologies Holding Corp. #OTCMarkets  ATHC Signs Definitive Strategic Reseller Agreement w Atlas MBA 
https://finance.yahoo.com/news/accelerated-technologies-holding-corporation-otc-172000954.html?soc_src=social-sh&soc_trk=tw&tsrc=twtr… via @Yahoo 

#BreakingNews #OTC  #OTCStocks #trading #StockMarket #stockmarketnews #OTCQB #OTCQX 
@ATHCOTC #ATHC @ROMPOSbyATHC #ROMPOS",,,
"Jimy.app
@JimyTwits
·
1h",2021-11-05T19:09:01.000Z,"this stock is on 

$CVGI $TKC 

Like  
#news #bottomfishing #trading #StocksToWatch #Stocks #YOLO #StocksToBuy #ToTheMoon #RedditArmy #investments #FOMO #daytrading #wallstreetbets",,,
"Antonio
@AFtuit
·
1h",2021-11-05T19:09:01.000Z,"this stock is on 

$CVGI $TKC 

Like  
#news #bottomfishing #trading #StocksToWatch #Stocks #YOLO #StocksToBuy #ToTheMoon #RedditArmy #investments #FOMO #daytrading #wallstreetbets",,,
"James W. Murrell
@JamesWMurrell
·
1h",2021-11-05T19:05:18.000Z,"Predication: 2022 will be a rough year 4 earnings 4 all the woke corporations run by anti-white bigots. Hey 
@wallstreetbets
 #wallstreetbets: Perhaps u could whip up a Top 10 list? Who's the Wokest of them all? Big Tech, MSM, or maybe 
@Nike
?  There sure is a lot to choose from!",,,
"Thomas Carvo
@ThomasCarvo
·
1h",2021-11-05T19:01:27.000Z,"Another unfortunate #wallstreetbets casualty: https://youtu.be/PBEbArHZme0
Talking what when wrong, how to fix it for the future in today's video
youtube.com
Trader Loses Life Saving And ""Some"" Shorting This Stock | WallStree...
In this video we are covering a trader who lost a life saving and some shorting $CAR (Avis Budget Group Stock). We cover what happened, how to learn from thi...",,,
"FINAP$E
@FintwitSynapse
·
1h",2021-11-05T19:00:08.000Z,"Top Trending Stocks on #fintwit: 
1. $LTRY 
2. $ZME 
3. $AMZN 
4. $MRNA
5. $SPY
6. $LCID
7. $ROKU
8. $AMC
9. $GE
10. $ALZN

Telegram for frequent updates: 
https://bit.ly/3jLkwmO

#investing #stocks #wallstreetbets
1
3",1,,3
"WeaselMomma
@WeaselMomma
·
1h",2021-11-05T18:55:50.000Z,Sharing for the losers. #safeicarus $jamsy $ysg $jpeg $mm #wallstreetbets $hot $dos $kono $reef $xle #msft $sc $catecoin $btg $xair $inj $rgs $nvax $comp #xfund $qs $wing $kyl $amzn $usdc $hpil #shibarmy #jpm $jpm $lpt $fis $krl $pfe $hero $doggy $yfi $pins #cat $zap,,,
"WeaselMomma
@WeaselMomma
·
1h",2021-11-05T18:54:23.000Z,Sharing for the losers. #safeicarus $jamsy $ysg $jpeg $mm #wallstreetbets $hot $dos $kono $reef $xle #msft $sc $catecoin $btg $xair $inj $rgs $nvax $comp #xfund $qs $wing $kyl $amzn $usdc $hpil #shibarmy #jpm $jpm $lpt $fis $krl $pfe $hero $doggy $yfi $pins #cat $zap $tlm $chr,,,
"topstonks
@topstonks
·
1h",2021-11-05T18:45:10.000Z,"$GME seeing sustained chatter on wallstreetbets over the last few days

Via http://topstonks.com/stocks/GME?st_gme…

#gme    #wallstreetbets
1",,1,
"Hostage Finance
@HostageFinance
·
1h",2021-11-05T18:43:18.000Z,"How many decimals should the new meme coin have?

#shib #shiba #shibarmy #saitama #zoot #mononokeinu #Mononoke #bitcoincash #btc #luffytoken #koshu #HOKKFORCE #altseason #wallstreetbets
GIF
2
2
4",2,2,4
"Aldinho.lbk
@Aldinho_lbk
·
1h",2021-11-05T18:35:05.000Z,"$ALZN The investors place article makes one interesting point: higher risk, higher reward in a stock with $33 highs and $2.0 lowest, and currently bouncing with #whales betting high on the upside.
#Wallstreetbets #StockMarket #Stock #Traders #Investing
investorplace.com
ALZN Stock: Why Is Little-Known Alzamend Neuro Gaining Today?
Today, investors in preclinical biotech company Alzamend Neuro and ALZN stock are seeing impressive gains of more than 25% currently.
1",,,1
"Hughjassusa2
@HughUsa2
·
1h",2021-11-05T18:33:36.000Z,"#wallstreetbets #nyse
Load up on World Health Energy Holdings (WHEN) stock now. A big merger is coming soon so get it while it's cheap. RT!
1
1",,1,1
"Defi Renaissance
@DefiMaverick
·
1h",2021-11-05T18:33:07.000Z,"Tesla probably breaks $1100 today by 8 pm or latest Monday am  #wallstreetbets #Altcoin #Bitcoin #Dogecoin #GME #AMC #ETH #altcoinseason
1
1",,1,1
"corqstonk
@corqtrade
·
1h",2021-11-05T18:31:32.000Z,"#wallstreetbets $GME God reveals the secret behind $BBBY https://reddit.com/r/wallstreetbets/comments/qnevn2/gme_god_reveals_the_secret_behind_bbby/?utm_source=dlvr.it&utm_medium=%5Btwitter%5D&utm_campaign=%5Bcorqtrade%5D…
1",,,1
"FINAP$E
@FintwitSynapse
·
1h",2021-11-05T18:30:08.000Z,"Top Trending Stocks on #fintwit: 
1. $LTRY 
2. $SPY 
3. $TSLA 
4. $IWM
5. $MRNA
6. $QQQ
7. $AMZN
8. $AAPL
9. $ALZN
10. $VIX

Telegram for frequent updates: 
https://bit.ly/3jLkwmO

#investing #stocks #wallstreetbets
1",,,1
"Defi Renaissance
@DefiMaverick
·
1h",2021-11-05T18:28:41.000Z,"RIVIAN with Amazon’s backing and the active Bezos Musk feud for richest means Tesla gots serious competition and is a strong sell above $400-$500 . Watch and see #BillGates #JeffBezos #Bitcoin #Dogecoin #AMC #GME #Tesla #Dogefather #Shiba #Floki #Wallstreetbets
1
1",,1,1
"Virtue Capital
@virtuecapital_
·
1h",2021-11-05T18:28:27.000Z,"BTC Sentiment (Price $61200)

What's next for BTC?

$ETH $XRP $LINK $ADA $UNI $AAPL $TSLA $AMZN $SPY $QQQ $DOGE $GLD $HBAR $NVDA $SOL $BNB $GME $AVAX $AMC $FB $SOL $AXS $ICP $SHIB $GRT $CAKE $DOT #WSB #OOTT #DDTG #crypto #wallstreetbets #news #ethereum #cryptopoll #bitcoin #btc
$65200
62.5%
$57200
37.5%
32 votes
·
Final results
1",,1,
"WallStreetBets Memes
@WSB_memes
·
1h",2021-11-05T18:25:49.000Z,"$SPY 690 via /r/wallstreetbets #stonks #wallstreetbets
reddit.com
$SPY 690
Posted in r/wallstreetbets by u/ZiRoRi • 281 points and 29 comments",,,
"Defi Renaissance
@DefiMaverick
·
1h",2021-11-05T18:23:41.000Z,"The kids will run out of all their milk $ on TSLA stock & calls ….When the  runs dry meaning twindles as TSLA spirals more pressure selling will then occur     #Wallstreetbets #Reddit #Bitcoin •#Dogecoin #Altcoin #GME #AMC #ETH #Stonks #Tesla
Quote Tweet
Defi Renaissance
@DefiMaverick
 · 2h
Sell Tesla Stock now & buy half off b4 end month in massive sale bonanza     #Wallstreetbets #Altcoin #Bitcoin #Dogecoin #GME #AMC twitter.com/defimaverick/s…
1
2",,1,2
"Jimy.app
@JimyTwits
·
1h",2021-11-05T18:18:00.000Z,"   

$PRCX 

Like  
#StocksToWatch #Stocks #trading #ToTheMoon #news #daytrading #FOMO #bottomfishing #wallstreetbets #RedditArmy #YOLO #StocksToBuy #investments
1",,1,
"Antonio
@AFtuit
·
1h",2021-11-05T18:18:00.000Z,"   

$PRCX 

Like  
#StocksToWatch #Stocks #trading #ToTheMoon #news #daytrading #FOMO #bottomfishing #wallstreetbets #RedditArmy #YOLO #StocksToBuy #investments
1",,1,
"WallStreetBets DApp $WSB
@WSBDapp
·
1h",2021-11-05T18:14:40.000Z," @wallstreetbets
, 
@BTCVIX
, and Chun-li will be on the podcast with our host 
@MilleVenus
 in 45 minutes to talk about The People's Fund, the $WSB #DeFi ETP, and MOAR!

Episode will be on Twitter and YouTube: https://youtube.com/watch?v=mGTD095dVOY…

#crypto #cryptocurrency #wallstreetbets
1
5
7",1,5,7
"corqstonk
@corqtrade
·
1h",2021-11-05T18:11:37.000Z,#wallstreetbets A brief history on weed stonks https://reddit.com/r/wallstreetbets/comments/qng58o/a_brief_history_on_weed_stonks/?utm_source=dlvr.it&utm_medium=%5Btwitter%5D&utm_campaign=%5Bcorqtrade%5D…,,,
"corqstonk
@corqtrade
·
1h",2021-11-05T18:11:36.000Z,#wallstreetbets My first time ever doin options. https://reddit.com/r/wallstreetbets/comments/qnci3t/my_first_time_ever_doin_options/?utm_source=dlvr.it&utm_medium=%5Btwitter%5D&utm_campaign=%5Bcorqtrade%5D…,,,
"CryptoScot XWallStreetBets
@XrpGrant
·
2h",2021-11-05T18:06:49.000Z,"@elonmusk
 watching 
@xwallstreetbets
 moon #XWSB #WallStreetBets $XRP #XRPL #XWSBArmy #XRPArmy
1
1
6",1,1,6
"MrDev Trading Coach
@TheMrDev
·
2h",2021-11-05T18:01:12.000Z,"ILL do an Algo review on any ticker let me know
Mentioned the Algo Sell on $Arkk Day-1 see posted below
This week was Skewed by Fed-TV Liquidity & #FOMC 
#wallstreetbets 
$Roku $Pltr $BTC $ARKG $AMC $TSLA $SQ $TDOC $ROKU $SPOT $API $PYPL $NFLX $TWTR $Z $ZM $DKNG $GME $olb $ocgn
Quote Tweet
MrDev Trading Coach
@TheMrDev
 · Oct 29
ILL do an Algo review on any ticker, let me know.

Mentioned the Algo Sell on $Arkk Day-1 see that chart below.
Here $Iwm is on a Sell also. ",,,
"FINAP$E
@FintwitSynapse
·
2h",2021-11-05T18:00:12.000Z,"Top Trending Stocks on #fintwit: 
1. $SPY 
2. $QQQ 
3. $LTRY 
4. $BA
5. $FB
6. $AMZN
7. $PTON
8. $VRAR
9. $METX
10. $IWM

Telegram for frequent updates: 
https://bit.ly/3jLkwmO

#investing #stocks #wallstreetbets
1
1",1,,1
"WallStreetBets DApp $WSB
@WSBDapp
·
2h",2021-11-05T18:00:01.000Z,"The degens have spoken!  And a majority of you gave a resounding YES to the $WSB #DeFi ETP!  Read this blog NAO to prepare yourself for the  #financialrevolution! 

 https://blog.wsbdapp.com/wsb-defi-etp-vote-results-a-resounding-yes-eea6c7dfaff4…

#crypto #cryptocurrency #PowerToThePeople #wallstreetbets
5",,,5
"Mean_Tweets
@0nlyMeanTweets
·
2h",2021-11-05T17:59:20.000Z,"When 
@Novavax
 supplies the world with the best covid-19 vaccine alternative....
#NVAX #PFE #wallstreetbets #novavax #pfizer",,,
"Jimy.app
@JimyTwits
·
2h",2021-11-05T17:53:00.000Z,"$HRL 

Like  
#investments #news #Stocks #ToTheMoon #FOMO #wallstreetbets #bottomfishing #StocksToBuy #daytrading #YOLO #StocksToWatch #RedditArmy #trading",,,
"Antonio
@AFtuit
·
2h",2021-11-05T17:53:00.000Z,"$HRL 

Like  
#investments #news #Stocks #ToTheMoon #FOMO #wallstreetbets #bottomfishing #StocksToBuy #daytrading #YOLO #StocksToWatch #RedditArmy #trading",,,
"Defi Renaissance
@DefiMaverick
·
2h",2021-11-05T17:49:19.000Z,"Sell Tesla Stock now & buy half off b4 end month in massive sale bonanza     #Wallstreetbets #Altcoin #Bitcoin #Dogecoin #GME #AMC
Quote Tweet
Defi Renaissance
@DefiMaverick
 · 2h
Tesla stock bout 2 collapse along with nasdaq but we know now Tesla gets well over a tril cap sometime again next year after massive imminent correction  #Wallstreetbets #Reddit #Bitcoin #Dogecoin #GME #AMC #ETH #TSLA
3
1",,3,1
"Defi Renaissance
@DefiMaverick
·
2h",2021-11-05T17:43:57.000Z,"Tesla stock bout 2 collapse along with nasdaq but we know now Tesla gets well over a tril cap sometime again next year after massive imminent correction  #Wallstreetbets #Reddit #Bitcoin #Dogecoin #GME #AMC #ETH #TSLA
3
2",,3,2
"Jimy.app
@JimyTwits
·
2h",2021-11-05T17:40:02.000Z,"$TTD 

Like  
#YOLO #investments #StocksToBuy #daytrading #Stocks #FOMO #trading #bottomfishing #ToTheMoon #wallstreetbets #StocksToWatch #news #RedditArmy",,,
"Antonio
@AFtuit
·
2h",2021-11-05T17:40:02.000Z,"$TTD 

Like  
#YOLO #investments #StocksToBuy #daytrading #Stocks #FOMO #trading #bottomfishing #ToTheMoon #wallstreetbets #StocksToWatch #news #RedditArmy",,,
"CRYPTO-SPARTAN
@CRYPTOSPARTANZ
·
2h",2021-11-05T17:33:05.000Z,"#WALLSTREETBETS $SHIB Shiba Inu Owner Moves $2.76B to Four Different Wallets - Blockworks
blockworks.co
Shiba Inu Owner Moves $2.76B to Four Different Wallets - Blockworks
Transfer of over 40 trillion Shiba Inu tokens went to wallets with no prior token transfers.",,,
"FINAP$E
@FintwitSynapse
·
2h",2021-11-05T17:30:07.000Z,"Top Trending Stocks on #fintwit: 
1. $SPY 
2. $QQQ 
3. $FB 
4. $PTON
5. $VRAR
6. $AMZN
7. $TSLA
8. $BA
9. $LTRY
10. $GREE

Telegram for frequent updates: 
https://bit.ly/3jLkwmO

#investing #stocks #wallstreetbets
1
3",,1,3
"Jimy.app
@JimyTwits
·
2h",2021-11-05T17:29:01.000Z," technically perfect

$FIS 

Like  
#RedditArmy #wallstreetbets #bottomfishing #Stocks #trading #StocksToWatch #ToTheMoon #StocksToBuy #news #YOLO #FOMO #investments #daytrading",,,
"Antonio
@AFtuit
·
2h",2021-11-05T17:29:00.000Z," technically perfect

$FIS 

Like  
#RedditArmy #wallstreetbets #bottomfishing #Stocks #trading #StocksToWatch #ToTheMoon #StocksToBuy #news #YOLO #FOMO #investments #daytrading",,,
"WallStreetBets Memes
@WSB_memes
·
2h",2021-11-05T17:25:11.000Z,"AMD +$2.89M (+1145%). See you at +$3M. via /r/wallstreetbets #stonks #wallstreetbets
reddit.com
AMD +$2.89M (+1145%). See you at +$3M.
Posted in r/wallstreetbets by u/thesmd1 • 41 points and 21 comments
1",,,1
"WallStreetBets Memes
@WSB_memes
·
2h",2021-11-05T17:25:10.000Z,"I made the right decision via /r/wallstreetbets #stonks #wallstreetbets
reddit.com
I made the right decision
Posted in r/wallstreetbets by u/YoloMing • 220 points and 30 comments
1",,,1
"Jimy.app
@JimyTwits
·
2h",2021-11-05T17:17:00.000Z,"My quality selection: 

$DLO 

Like  
#StocksToWatch #bottomfishing #StocksToBuy #YOLO #RedditArmy #FOMO #Stocks #daytrading #wallstreetbets #news #investments #trading #ToTheMoon
1",,1,
"Antonio
@AFtuit
·
2h",2021-11-05T17:17:00.000Z,"My quality selection: 

$DLO 

Like  
#StocksToWatch #bottomfishing #StocksToBuy #YOLO #RedditArmy #FOMO #Stocks #daytrading #wallstreetbets #news #investments #trading #ToTheMoon
1",,1,
"Jimy.app
@JimyTwits
·
2h",2021-11-05T17:16:00.000Z,"Take a look to:  $SOXS -3.17% 

#StocksToWatch #daytrading #YOLO #bottomfishing #RedditArmy #FOMO #StocksToBuy #Stocks #news #trading #wallstreetbets #ToTheMoon #investments
jimy.app
Jimy esta siguiendo: $SOXS, $4.44 USD -3.17%
potencial de ganancia: 662.12% Vol: 26.66%
1",,1,
"Roll2
@Roll269857220
·
2h",2021-11-05T17:15:39.000Z,"#WallStreet #wallstreetbets
Quote Tweet
Noble Mineral
@NobleMineral
 · Sep 9
Our focus is on:

-#Nickel-#Cobalt/#VMS/#Gold in #Timmins #Cochrane, #Ontario
-#Graphite on the Buckingham property in Outaouais, #Quebec
-Copper-Nickel-PGM on the #CereVillebon property, Vald’Or, Quebec
-Nickel-#Copper-Cobalt-Gold & #PGM on the #Laverlochere property, Quebec",,,
"corqstonk
@corqtrade
·
2h",2021-11-05T17:14:33.000Z,"#wallstreetbets My story: 100k loss, not just play money to me. https://reddit.com/r/wallstreetbets/comments/qnf8ot/my_story_100k_loss_not_just_play_money_to_me/?utm_source=dlvr.it&utm_medium=%5Btwitter%5D&utm_campaign=%5Bcorqtrade%5D…",,,
"corqstonk
@corqtrade
·
3h",2021-11-05T17:08:08.000Z,#wallstreetbets Peloton Puts update 6k —> 90k+ https://reddit.com/r/wallstreetbets/comments/qneyk1/peloton_puts_update_6k_90k/?utm_source=dlvr.it&utm_medium=%5Btwitter%5D&utm_campaign=%5Bcorqtrade%5D…,,,
"topstonks
@topstonks
·
3h",2021-11-05T17:04:54.000Z,"$TSLA seeing sustained chatter on wallstreetbets over the last few days

Via http://topstonks.com/stocks/TSLA?st_tsla…

#tsla    #wallstreetbets",,,
"TheLion Stock Trader
@TheLioncom
·
3h",2021-11-05T17:03:43.000Z,"$OTRK just added bunch more this has all signs of serious shorts squeeze coming.  #shorts #shortsqueeze #wallstreetbets
3
8",3,,8
"Jimy.app
@JimyTwits
·
3h",2021-11-05T17:03:00.000Z," technically perfect

$GGB $WU 

Like  
#wallstreetbets #bottomfishing #StocksToBuy #Stocks #FOMO #trading #YOLO #daytrading #investments #news #RedditArmy #StocksToWatch #ToTheMoon",,,
"Antonio
@AFtuit
·
3h",2021-11-05T17:03:00.000Z," technically perfect

$GGB $WU 

Like  
#wallstreetbets #bottomfishing #StocksToBuy #Stocks #FOMO #trading #YOLO #daytrading #investments #news #RedditArmy #StocksToWatch #ToTheMoon",,,
"FINAP$E
@FintwitSynapse
·
3h",2021-11-05T17:00:08.000Z,"Top Trending Stocks on #fintwit: 
1. $AMZN 
2. $FB 
3. $BRPM 
4. $SPY
5. $METX
6. $VEEE
7. $BBBY
8. $BA
9. $ABNB
10. $LTRY

Telegram for frequent updates: 
https://bit.ly/3jLkwmO

#investing #stocks #wallstreetbets
3",,,3
"Dan Storm
@DanStorm
·
3h",2021-11-05T16:56:16.000Z,"Replying to 
@CMusk2021
You can see the coordinated effort to keep the Twitter pumpers from moving a stock with their large followers. Wall St. Is still in charge no matter what the #wallstreetbets crowd thinks",,,
"corqstonk
@corqtrade
·
3h",2021-11-05T16:54:09.000Z,#wallstreetbets Bought NVDA in 2016-2018 https://reddit.com/r/wallstreetbets/comments/qndvdg/bought_nvda_in_20162018/?utm_source=dlvr.it&utm_medium=%5Btwitter%5D&utm_campaign=%5Bcorqtrade%5D…,,,
"Jimy.app
@JimyTwits
·
3h",2021-11-05T16:51:00.000Z,"Take a look to:  $NAKD -2.46% 

#StocksToBuy #trading #bottomfishing #news #daytrading #FOMO #YOLO #RedditArmy #investments #ToTheMoon #Stocks #StocksToWatch #wallstreetbets 
 https://jimy.app/?Simbolo=NAKD&xlo=1636131059.6548…",,,
"Alexg
@intensityalex
·
3h",2021-11-05T16:35:30.000Z,"$BBBY cautious on the shorts , #wallstreetbets stock,
2",,,2
"Pik Pak Pok
@pikpakpokcom
·
3h",2021-11-05T16:34:42.000Z,"http://Ppk.pt/gme2

#gme #amc #stonks #wallstreetbets #wsb #doge #dogecoin #bruhchain #stockmarket #financialliteracy #dogsofinstagram #bitcoin #shiftstorm #fuckyerry #trading #wfg #dog #cryptocurrency #investment #financialfreedom #doggo #amazon #youtube #financememes #op
1",,,1
"Hughjassusa2
@HughUsa2
·
3h",2021-11-05T16:34:29.000Z,"#wallstreetbets #nyse
Load up on Amazonas Florestal (AZFL) stock NOW!
Here's why! 
https://etrade.wallst.com/sso/saml2/requestAssertion.ashx?originalTarget=https%3A%2F%2Fwww%2Eetrade%2Ewallst%2Ecom%2Fv1%2Fnews%2Fmarketnews%2Fmarketnews%2Easp%3FChallengeUrl%3Dhttps%3A%2F%2Fidp%2Eetrade%2Ecom%2Fidp%2FSSO%2Esaml2%26reinitiate%2Dhandshake%3D0%26AuthnContext%3Dauthenticated%26env%3DPRD%26docKey%3D1%2DSN20211104008183%2D008183%26DMSourceID%3DDJNF%26Source%3DPMZN%26DisplayName%3DGlobeNewswire%26docDate%3D2021%2D11%2D04%252011%253A29%253A00%26headline%3DAmazonas%2520Florestal%252C%2520Ltd%2E%2520Announces%2520the%2520Organization%2520of%2520Mountain%2520High%2520Apothecary%2520and%2520Publishes%2520Update%2520of%2520Recent%2520Company%2520Business%2520Developments&authnContext=authenticated&ChallengeUrl=https%3A%2F%2Fidp%2Eetrade%2Ecom%2Fidp%2FSSO%2Esaml2… RT!",,,
"FINAP$E
@FintwitSynapse
·
3h",2021-11-05T16:30:08.000Z,"Top Trending Stocks on #fintwit: 
1. $BBBY 
2. $LCID 
3. $AMZN 
4. $ABNB
5. $BA
6. $VEEE
7. $BRPM
8. $QQQ
9. $METX
10. $SPY

Telegram for frequent updates: 
https://bit.ly/3jLkwmO

#investing #stocks #wallstreetbets
2",,,2
"CryptoScot XWallStreetBets
@XrpGrant
·
3h",2021-11-05T16:29:17.000Z,"@BitrueOfficial
 You’ve seen the power of 
@XRPLPUNKS
 and theres a new kid on the XRPL block taking it by a storm. 
@xwallstreetbets
 Don’t underestimate the power of our #XWSBArmy $XRP has taught us to have diamond hands. 

#XRPCommunity #XRPArmy #WallStreetBets
1
14
23",1,14,23
"Jimy.app
@JimyTwits
·
3h",2021-11-05T16:27:00.000Z,"this stock is on 

$CASA 

Like  
#trading #daytrading #investments #FOMO #RedditArmy #news #Stocks #ToTheMoon #YOLO #StocksToBuy #wallstreetbets #StocksToWatch #bottomfishing
1",1,,
"Antonio
@AFtuit
·
3h",2021-11-05T16:27:00.000Z,"this stock is on 

$CASA 

Like  
#trading #daytrading #investments #FOMO #RedditArmy #news #Stocks #ToTheMoon #YOLO #StocksToBuy #wallstreetbets #StocksToWatch #bottomfishing",,,
"WallStreetBets Memes
@WSB_memes
·
3h",2021-11-05T16:25:06.000Z,"4.4k YOLO to 720k in 2 weeks. via /r/wallstreetbets #stonks #wallstreetbets
reddit.com
4.4k YOLO to 720k in 2 weeks.
Posted in r/wallstreetbets by u/Bedinor • 267 points and 106 comments",,,
"WallStreetBets Memes
@WSB_memes
·
3h",2021-11-05T16:25:06.000Z,"278k gain on Peloton puts via /r/wallstreetbets #stonks #wallstreetbets
reddit.com
278k gain on Peloton puts
Posted in r/wallstreetbets by u/Hour_Amphibian1844 • 128 points and 37 comments",,,
"Marco Da Costa
@TraderMacoCosta
·
3h",2021-11-05T16:20:27.000Z,"#Nvidia es la acción más mencionada en #WallStreetBets. $NVDA
es.investing.com
Nvidia es la acción más mencionada en WallStreetBets Por Benzinga España
Nvidia es la acción más mencionada en WallStreetBets",,,
"WSB Stats wallstreetbets stats on your phone
@WsbStatsApp
·
4h",2021-11-05T16:09:27.000Z,$NVDA $TSLA $PTON $AMD $MRNA winners and losers are the top mentions on #Wallstreetbets over the last 3 hrs,,,
"APE TRADE
@APE__TRADE
·
4h",2021-11-05T16:00:13.000Z,"*RETWEET to help a fellow #amcape out. New #amc Merch coming out day by day trying to stay stocked, last time we sold out. come get your merchandise before they run out. We also have some #Shib Merch out…more to come and a #wallstreetbets NFT pixel hoodie just got out on store!
The following media includes potentially sensitive content. Change settings
View
1
1
1",1,1,1
"FINAP$E
@FintwitSynapse
·
4h",2021-11-05T16:00:08.000Z,"Top Trending Stocks on #fintwit: 
1. $LCID 
2. $SPY 
3. $METX 
4. $QQQ
5. $QCOM
6. $ALZN
7. $SHIB
8. $ABNB
9. $AMZN
10. $PFE

Telegram for frequent updates: 
https://bit.ly/3jLkwmO

#investing #stocks #wallstreetbets
1",,,1
"Jimy.app
@JimyTwits
·
4h",2021-11-05T15:58:01.000Z,"Just the best of the best 

$PFLC 

Like  
#StocksToWatch #wallstreetbets #Stocks #trading #YOLO #bottomfishing #FOMO #news #StocksToBuy #investments #RedditArmy #ToTheMoon #daytrading",,,
"Antonio
@AFtuit
·
4h",2021-11-05T15:58:01.000Z,"Just the best of the best 

$PFLC 

Like  
#StocksToWatch #wallstreetbets #Stocks #trading #YOLO #bottomfishing #FOMO #news #StocksToBuy #investments #RedditArmy #ToTheMoon #daytrading",,,
"WeaselMomma
@WeaselMomma
·
4h",2021-11-05T15:48:13.000Z,"My future is bright now.
$bot $xem $comp $orn $gt $zcx $dego $fb $coti #wallstreetbets $bat $mkr $unfi $qtum $vet $axs #coinbase $farm #link $go $grs twitter$ $eth $stmx #atom #oott #ethereum $mana #defi $sxp $mir $inj $bto $dent $celo $snss $tlry #binance $ncty $keep",,,
"corqstonk
@corqtrade
·
4h",2021-11-05T15:37:35.000Z,#wallstreetbets $TSLA GANG! https://reddit.com/r/wallstreetbets/comments/qncnsl/tsla_gang/?utm_source=dlvr.it&utm_medium=%5Btwitter%5D&utm_campaign=%5Bcorqtrade%5D…,,,
"Saulius
@iSaulius
·
4h",2021-11-05T15:34:35.000Z,"#wallstreetbets
1",1,,
"Jimy.app
@JimyTwits
·
4h",2021-11-05T15:31:01.000Z,"$SNLAY 

Like  
#YOLO #daytrading #ToTheMoon #bottomfishing #investments #news #trading #StocksToWatch #wallstreetbets #RedditArmy #StocksToBuy #Stocks #FOMO",,,
"Antonio
@AFtuit
·
4h",2021-11-05T15:31:01.000Z,"$SNLAY 

Like  
#YOLO #daytrading #ToTheMoon #bottomfishing #investments #news #trading #StocksToWatch #wallstreetbets #RedditArmy #StocksToBuy #Stocks #FOMO",,,
"FINAP$E
@FintwitSynapse
·
4h",2021-11-05T15:30:09.000Z,"Top Trending Stocks on #fintwit: 
1. $ABNB 
2. $ALZN 
3. $SPY 
4. $AMZN
5. $QCOM
6. $SHIB
7. $METX
8. $SBET
9. $QQQ
10. $PFE

Telegram for frequent updates: 
https://bit.ly/3jLkwmO

#investing #stocks #wallstreetbets",,,
"Jimy.app
@JimyTwits
·
4h",2021-11-05T15:26:01.000Z,"$FLGT 

Like  
#daytrading #wallstreetbets #trading #StocksToWatch #Stocks #bottomfishing #news #FOMO #RedditArmy #YOLO #ToTheMoon #StocksToBuy #investments",,,
"Antonio
@AFtuit
·
4h",2021-11-05T15:26:01.000Z,"$FLGT 

Like  
#daytrading #wallstreetbets #trading #StocksToWatch #Stocks #bottomfishing #news #FOMO #RedditArmy #YOLO #ToTheMoon #StocksToBuy #investments",,,
"topstonks
@topstonks
·
4h",2021-11-05T15:24:41.000Z,"$WISH was the 6th most mentioned on wallstreetbets over the last 7 days

Via http://topstonks.com/stocks/WISH?st_wish…

#wish    #wallstreetbets",,,
"corqstonk
@corqtrade
·
4h",2021-11-05T15:24:05.000Z,#wallstreetbets Gay bears in the age of Chairman Powell (2021 edition)  https://reddit.com/r/wallstreetbets/comments/qnd291/gay_bears_in_the_age_of_chairman_powell_2021/?utm_source=dlvr.it&utm_medium=%5Btwitter%5D&utm_campaign=%5Bcorqtrade%5D…,,,
"Defi Renaissance
@DefiMaverick
·
5h",2021-11-05T15:08:47.000Z,"New crypto price targets to end Nov: BTC to 25/30K; LTC $90 ; Doge .05 ETH: 1K #Wallstreetbets #Litecoin #Bitcoin #Dogecoin #Tesla #GME #AMC
Quote Tweet
Defi Renaissance
@DefiMaverick
 · 13h
Dnt buy the BTC or Doge or ETH hype . Everything goes on a 30-50% Discount soon  #CryptoCorrection #TeslaCorrection #NasdaqCorrection #Bitcoin #wallstreetbets #Dogecoin #GME #AMC twitter.com/defimaverick/s…
1
1",,1,1
"Jimy.app
@JimyTwits
·
5h",2021-11-05T15:08:01.000Z,"$BAFYY 

Like  
#ToTheMoon #Stocks #bottomfishing #news #daytrading #YOLO #StocksToWatch #wallstreetbets #RedditArmy #trading #investments #StocksToBuy #FOMO",,,
"Antonio
@AFtuit
·
5h",2021-11-05T15:08:01.000Z,"$BAFYY 

Like  
#ToTheMoon #Stocks #bottomfishing #news #daytrading #YOLO #StocksToWatch #wallstreetbets #RedditArmy #trading #investments #StocksToBuy #FOMO",,,
"Defi Renaissance
@DefiMaverick
·
5h",2021-11-05T15:06:24.000Z,"Massive tumble here  #WallStreet #Tesla #TLRY #Wallstreetbets #Reddit #Bitcoin #Stonks #GME #AMC
Quote Tweet
Defi Renaissance
@DefiMaverick
 · 13h
Dnt buy the BTC or Doge or ETH hype . Everything goes on a 30-50% Discount soon  #CryptoCorrection #TeslaCorrection #NasdaqCorrection #Bitcoin #wallstreetbets #Dogecoin #GME #AMC twitter.com/defimaverick/s…
1
1",,1,1
"topstonks
@topstonks
·
5h",2021-11-05T15:04:42.000Z,"$GME seeing sustained chatter on wallstreetbets over the last few days

Via http://topstonks.com/stocks/GME?st_gme…

#gme    #wallstreetbets",,,
"FINAP$E
@FintwitSynapse
·
5h",2021-11-05T15:00:15.000Z,"Top Trending Stocks on #fintwit: 
1. $LCID 
2. $MRNA 
3. $PFE 
4. $ABNB
5. $ALZN
6. $SBET
7. $FATBB
8. $METX
9. $TSLA
10. $XRTX

Telegram for frequent updates: 
https://bit.ly/3jLkwmO

#investing #stocks #wallstreetbets",,,
"Jimy.app
@JimyTwits
·
5h",2021-11-05T15:00:01.000Z,"$BSBR 

Like  
#StocksToWatch #bottomfishing #trading #daytrading #Stocks #ToTheMoon #StocksToBuy #RedditArmy #FOMO #YOLO #news #investments #wallstreetbets",,,
"Antonio
@AFtuit
·
5h",2021-11-05T15:00:01.000Z,"$BSBR 

Like  
#StocksToWatch #bottomfishing #trading #daytrading #Stocks #ToTheMoon #StocksToBuy #RedditArmy #FOMO #YOLO #news #investments #wallstreetbets",,,
"WallStreetBets DApp $WSB
@WSBDapp
·
5h",2021-11-05T15:00:00.000Z,"Want to prepare for the #financialrevolution! Than read up on this blog about the $WSB #DeFi ETP! Better #HODL NAO! 

 https://blog.wsbdapp.com/taking-the-cryptoverse-by-storm-the-new-wallstreetbets-defi-portfolio-dc856ed658fb…

#wallstreetbets #crypto #cryptocurrency #PowerToThePeople #financialrevolution
3
9",,3,9
"topstonks
@topstonks
·
5h",2021-11-05T14:54:38.000Z,"$QQQ seeing sustained chatter on wallstreetbets over the last few days

Via http://topstonks.com/stocks/QQQ?st_qqq…

#qqq    #wallstreetbets
1",,,1
"Stock Circuit Breaker Gravity
@StockGravity
·
5h",2021-11-05T14:51:11.000Z,"$LCID $FSR squeezing to highs. Maybe the #wallstreetbets crowd got a hold of these. $TSLA $PLUG $NIO $F $GM
1
1",1,,1
"Syed Mamoon
@syed_mamoon99
·
5h",2021-11-05T14:46:16.000Z,"Most big carmakers these days! (Source: u/thesippycup , Reddit) #wallstreetbets #ev #electric #memeoftheday #businessmemes #cars $f $tsla $xpev $nio",,,
"Jimy.app
@JimyTwits
·
5h",2021-11-05T14:44:01.000Z,"$SPH 

Like  
#ToTheMoon #YOLO #FOMO #investments #news #daytrading #StocksToWatch #Stocks #bottomfishing #StocksToBuy #RedditArmy #wallstreetbets #trading",,,
"Antonio
@AFtuit
·
5h",2021-11-05T14:44:01.000Z,"$SPH 

Like  
#ToTheMoon #YOLO #FOMO #investments #news #daytrading #StocksToWatch #Stocks #bottomfishing #StocksToBuy #RedditArmy #wallstreetbets #trading",,,
"jim sutton
@jimsutton3
·
5h",2021-11-05T14:32:14.000Z,"Also, does she have an opinion (rhetorical Q) about crypto?
 #Banking #fedmeeting #wallstreetbets #Finance #fintech #Cryptos #CryptocurrencyNews
1",1,,
"FINAP$E
@FintwitSynapse
·
5h",2021-11-05T14:30:08.000Z,"Top Trending Stocks on #fintwit: 
1. $ABNB 
2. $PFE 
3. $LCID 
4. $AMZN
5. $PROG
6. $PTON
7. $ALZN
8. $MRNA
9. $AAPL
10. $IWM

Telegram for frequent updates: 
https://bit.ly/3jLkwmO

#investing #stocks #wallstreetbets
1
1
1",1,1,1
"BullsWear
@BullsWear
·
5h",2021-11-05T14:27:30.000Z,"Bulls are ready for another crypto BOOM! What are your targets? #TradingView #Bitcoin #BTC #NFT #NFTCommunity #Bullish #la #NewYork #wallstreetbets
1
4",1,,4
"WallStreetBets Memes
@WSB_memes
·
5h",2021-11-05T14:25:36.000Z,"SPY 500 EOY via /r/wallstreetbets #stonks #wallstreetbets
reddit.com
SPY 500 EOY
Posted in r/wallstreetbets by u/pittluke • 381 points and 78 comments",,,
"eqtisadona اقتصادنا#
@eqtisadona
·
5h",2021-11-05T14:25:35.000Z,"وول ستريت يواصل التحليق.. الوظائف تدفعه لمستوى قياسي
التفاصيل في الرابط التالي https://eqtisadona.com/%d9%88%d9%88%d9%84-%d8%b3%d8%aa%d8%b1%d9%8a%d8%aa-%d9%8a%d9%88%d8%a7%d8%b5%d9%84-%d8%a7%d9%84%d8%aa%d8%ad%d9%84%d9%8a%d9%82-%d8%a7%d9%84%d9%88%d8%b8%d8%a7%d8%a6%d9%81-%d8%aa%d8%af%d9%81%d8%b9%d9%87/…
#wallstreetbets
eqtisadona.com
وول ستريت يواصل التحليق.. الوظائف تدفعه لمستوى قياسي - اقتصادنا
اقتصادنا – وول ستريت سجلت المؤشرات الرئيسية في وول ستريت ارتفاعا قياسيا عند الفتح، اليوم الجمعة، بعدما أظهرت البيانات نموا قويا للوظائف في أكتوبر/ تشرين الأول، إلى جانب قوة الأرباح والتقرير الجديد عن...",,,
"The God of Trading
@TheGodOfTrading
·
5h",2021-11-05T14:17:39.000Z,"At #WallStreetBets they would, of course, bet it is going to the moon.
Quote Tweet
Sven Henrich
@NorthmanTrader
 · 6h
Sentiment check.
1",1,,
"corqstonk
@corqtrade
·
5h",2021-11-05T14:15:05.000Z,"#wallstreetbets Cause Fuck your Puts, That's Why. https://reddit.com/r/wallstreetbets/comments/qnbce8/cause_fuck_your_puts_thats_why/?utm_source=dlvr.it&utm_medium=%5Btwitter%5D&utm_campaign=%5Bcorqtrade%5D…",,,
"corqstonk
@corqtrade
·
5h",2021-11-05T14:15:03.000Z,#wallstreetbets Nvidia goes Super-Saiyajin https://reddit.com/r/wallstreetbets/comments/qnaf85/nvidia_goes_supersaiyajin/?utm_source=dlvr.it&utm_medium=%5Btwitter%5D&utm_campaign=%5Bcorqtrade%5D…,,,
"Jimy.app
@JimyTwits
·
5h",2021-11-05T14:15:00.000Z,"this stock is on 

$FSUGY $MN 

Like  
#daytrading #wallstreetbets #investments #YOLO #ToTheMoon #StocksToWatch #trading #RedditArmy #StocksToBuy #news #Stocks #FOMO #bottomfishing
1",,1,
"Antonio
@AFtuit
·
5h",2021-11-05T14:15:00.000Z,"this stock is on 

$FSUGY $MN 

Like  
#daytrading #wallstreetbets #investments #YOLO #ToTheMoon #StocksToWatch #trading #RedditArmy #StocksToBuy #news #Stocks #FOMO #bottomfishing
1",,1,
"topstonks
@topstonks
·
5h",2021-11-05T14:14:32.000Z,"$APP was the 15th most mentioned on wallstreetbets over the last 7 days

Via http://topstonks.com/stocks/APP?st_app…

#app    #wallstreetbets",,,
"WeaselMomma
@WeaselMomma
·
5h",2021-11-05T14:14:12.000Z,"Sharing for the losers.
$cate #uni $kava #nakd $acb $amp #rdd #bat $okb $ginu $vtho $upr $sxp $iost #microsoft $yfi $pltr $lgtt #wallstreetbets sushi $stx $bsv $tsla #icp $tell $waves $btcb $tel #shibaswap $go $fet #bitcoin $klee $andi $woof $clov $xrp $theta #DASH
502 views
0:01 / 0:07
1",,,1
"Big Tuna
@BigTunaBalls
·
5h",2021-11-05T14:11:57.000Z,"$SDC predicted to grow 55% next year according to analysts!! Retweet and spread the news!! #SmileDirectClub

#SDC #stocks #StocksToTrade #stockstowatch #stockstobuy #HODL #hodlers #ToTheMoon $ALGN #wallstreetbets #reddit 
@wallstreetbets
 @Reddit
 #ALGN
4
8",,4,8
"Jimy.app
@JimyTwits
·
6h",2021-11-05T14:08:01.000Z,"$VHI 

Like  
#FOMO #investments #StocksToBuy #wallstreetbets #StocksToWatch #bottomfishing #Stocks #ToTheMoon #daytrading #news #YOLO #trading #RedditArmy
1",,1,
"Antonio
@AFtuit
·
6h",2021-11-05T14:08:01.000Z,"$VHI 

Like  
#FOMO #investments #StocksToBuy #wallstreetbets #StocksToWatch #bottomfishing #Stocks #ToTheMoon #daytrading #news #YOLO #trading #RedditArmy",,,
"WallStreetBets bot
@wallstbot
·
6h",2021-11-05T14:05:22.000Z,"Summary of JPOW's FOMC speech by Ratchet_as_fuck

https://ift.tt/2ZTs3tN

#wallstreetbets
#wsb
#wsbbot
reddit.com
Summary of JPOW's FOMC speech
Posted in r/wallstreetbets by u/Ratchet_as_fuck • 39 points and 2 comments",,,
"WallStreetBets bot
@wallstbot
·
6h",2021-11-05T14:05:21.000Z,"278k gain on Peloton puts by Hour_Amphibian1844

https://ift.tt/3BZVEz7

#wallstreetbets
#wsb
#wsbbot
reddit.com
278k gain on Peloton puts
Posted in r/wallstreetbets by u/Hour_Amphibian1844 • 128 points and 37 comments",,,
"Dan Storm
@DanStorm
·
6h",2021-11-05T14:02:44.000Z,"$HYLN 22% short. Squeeze candidate. #wallstreetbets
1",,,1
"Don Tan
@don_8120
·
6h",2021-11-05T14:01:46.000Z,"#TCG2 After tax reduce cause those short term holders dump , stabling now . The trending now #Metaverse big partnership with #wallstreetbets  . Long term bet 280M supply . ",,,
"Jimy.app
@JimyTwits
·
6h",2021-11-05T13:52:01.000Z,"sweet 

$ZEPP 

Like  
#StocksToBuy #wallstreetbets #YOLO #Stocks #ToTheMoon #trading #FOMO #news #daytrading #investments #bottomfishing #StocksToWatch #RedditArmy",,,
"Antonio
@AFtuit
·
6h",2021-11-05T13:52:01.000Z,"sweet 

$ZEPP 

Like  
#StocksToBuy #wallstreetbets #YOLO #Stocks #ToTheMoon #trading #FOMO #news #daytrading #investments #bottomfishing #StocksToWatch #RedditArmy",,,
"RunHot
@RunHot1
·
6h",2021-11-05T13:49:09.000Z,"$PTON  This will gamma squeeze. 83% institution holding. Large short float. LOAD! 

#wallstreetbets #ShortSqueeze 
 $AAPL $NIO $SPY $WMT $FB $PT $DKNG $GME $TSLA $ABNB $BABA $PFE $CCL $OCGN $GME $AMC $AMD $UAL $RIOT $AAL $UBER $AMD $XOM $SAVA $PLTR $QQQ $EXPE $CHWY $NVDA $F
1
1",1,1,
"TheLion Stock Trader
@TheLioncom
·
6h",2021-11-05T13:47:01.000Z,"$OTRK several huge pending deals in the pipe advance discussion stages and huge national healthcare plan providers to be announced soon epic shorts squeeze to take this over $20 soon. #shortsqueeze #wallstreetbets
1
2
13",1,2,13
"TJ
@TjpTjp1234
·
6h",2021-11-05T13:45:40.000Z,"$BGFV 100% Utilization Rate half of the float is short. Have a great day. 
#reddit #wallstreetbets $GME $AMC $Hood $DWAC $TLRY $TSLA $NVDA
1
8",1,,8
"Jimy.app
@JimyTwits
·
6h",2021-11-05T13:43:02.000Z,"$FTF $PAHC $CLPHY $COLL $GRFS $IDCBY $MKTX $PKX $ROKU $SLQT $STRA 

Like  
#RedditArmy #investments #Stocks #wallstreetbets #StocksToWatch #YOLO #daytrading #FOMO #StocksToBuy #bottomfishing #ToTheMoon #trading #news",,,
"Antonio
@AFtuit
·
6h",2021-11-05T13:43:02.000Z,"$FTF $PAHC $CLPHY $COLL $GRFS $IDCBY $MKTX $PKX $ROKU $SLQT $STRA 

Like  
#RedditArmy #investments #Stocks #wallstreetbets #StocksToWatch #YOLO #daytrading #FOMO #StocksToBuy #bottomfishing #ToTheMoon #trading #news",,,
"lone Trader
@mudsocksII
·
6h",2021-11-05T13:43:00.000Z,"Yday I told you about #stocks to watch. This one is my pick.its far too cheap and you can review this .
@wallstreetbets
 .. #wallstreetbets 

The stock is $CRSR #Corsair
Quote Tweet
lone Trader
@mudsocksII
 · 23h
I will show you my next #stockstowatch that is going to pump hard tomorrow..

Stay tuned
1",,1,
"CryptoAgainstSociety
@CrptAgnstSciety
·
6h",2021-11-05T13:43:00.000Z,"JPow giveth and JPow taketh.

Paper trading competitions, infinite money cheats, $BECKY, trade wars, and more. Own the memes that have defined #wallstreetbets. Check out https://cryptoagainstsocietynft.com

#trading #stocks #options #investing #NFTs #NFTCommunity #nftcollector #NFTdrop
1
1
5",1,1,5
"corqstonk
@corqtrade
·
6h",2021-11-05T13:41:33.000Z,#wallstreetbets 278k gain on Peloton puts https://reddit.com/r/wallstreetbets/comments/qnbbkc/278k_gain_on_peloton_puts/?utm_source=dlvr.it&utm_medium=%5Btwitter%5D&utm_campaign=%5Bcorqtrade%5D…,,,
"TheLion Stock Trader
@TheLioncom
·
6h",2021-11-05T13:37:36.000Z,"$OTRK shorts working overtime here this will be epic. #ShortSqueeze #wallstreetbets 
2
2
15",2,2,15
"Brandon
@jimmy99er
·
6h",2021-11-05T13:36:15.000Z,"$Penn
#wallstreetbets",,,
"Jimy.app
@JimyTwits
·
6h",2021-11-05T13:36:00.000Z,"$ABB $CGNT $ESCA $FMS $VEEE $TUP 

Like  
#investments #YOLO #StocksToBuy #daytrading #RedditArmy #bottomfishing #FOMO #news #Stocks #ToTheMoon #StocksToWatch #trading #wallstreetbets",,,
"Antonio
@AFtuit
·
6h",2021-11-05T13:36:00.000Z,"$ABB $CGNT $ESCA $FMS $VEEE $TUP 

Like  
#investments #YOLO #StocksToBuy #daytrading #RedditArmy #bottomfishing #FOMO #news #Stocks #ToTheMoon #StocksToWatch #trading #wallstreetbets",,,
"corqstonk
@corqtrade
·
6h",2021-11-05T13:34:32.000Z,#wallstreetbets Fuck you and your bikes https://reddit.com/r/wallstreetbets/comments/qnaoec/fuck_you_and_your_bikes/?utm_source=dlvr.it&utm_medium=%5Btwitter%5D&utm_campaign=%5Bcorqtrade%5D…,,,
"Jimy.app
@JimyTwits
·
6h",2021-11-05T13:33:01.000Z,"   

$EM 

Like  
#bottomfishing #trading #StocksToWatch #daytrading #Stocks #YOLO #StocksToBuy #wallstreetbets #investments #FOMO #ToTheMoon #news #RedditArmy",,,
"Antonio
@AFtuit
·
6h",2021-11-05T13:33:00.000Z,"   

$EM 

Like  
#bottomfishing #trading #StocksToWatch #daytrading #Stocks #YOLO #StocksToBuy #wallstreetbets #investments #FOMO #ToTheMoon #news #RedditArmy",,,
"FINAP$E
@FintwitSynapse
·
6h",2021-11-05T13:30:08.000Z,"Top Trending Stocks on #fintwit: 
1. $PFE 
2. $PTON 
3. $MRNA 
4. $DDOG
5. $MRK
6. $SPY
7. $GOOS
8. $DCPH
9. $PENN
10. $SQ

Telegram for frequent updates: 
https://bit.ly/3jLkwmO

#investing #stocks #wallstreetbets",,,
"DefiRabbitHole
@DefiRabbitHole
·
6h",2021-11-05T13:28:10.000Z,"6/ The Start 

The Robinhood $GME #WallStreetBets saga was at peak escalation when RH halted trading

""Timing is Everything"" - Elon
 
Jan 28 - $Doge 
https://twitter.com/elonmusk/status/1354924057825837060?s=20…

Jan 29 - $BTC 
“In retrospect, it was inevitable” 
(#Bitcoin Profile Change)
https://twitter.com/elonmusk/status/1355068728128516101?s=20…
Quote Tweet
Elon Musk
@elonmusk
 · Jan 29
In retrospect, it was inevitable
1
2
13",1,2,13
"Macao Casino Trading Slot #stocks Macau 钱 金钱 货币 期货
@MacaoChina
·
6h",2021-11-05T13:25:17.000Z,"Pre hours trading #wallstreet 

Almost enough to get my hair DID 

During these times of Global Hyper Inflation  

#inflation #hyperinflation #Gold #silver #wallstreetbets $SPY $QQQ $DIA $VIX $UVXY $DJIA
1",,,1
"Jimy.app
@JimyTwits
·
6h",2021-11-05T13:22:00.000Z,"   

$BLIN 

Like  
#investments #Stocks #StocksToBuy #YOLO #FOMO #bottomfishing #StocksToWatch #wallstreetbets #trading #news #RedditArmy #daytrading #ToTheMoon",,,
"Antonio
@AFtuit
·
6h",2021-11-05T13:22:00.000Z,"   

$BLIN 

Like  
#investments #Stocks #StocksToBuy #YOLO #FOMO #bottomfishing #StocksToWatch #wallstreetbets #trading #news #RedditArmy #daytrading #ToTheMoon",,,
"corqstonk
@corqtrade
·
6h",2021-11-05T13:15:04.000Z,#wallstreetbets Friday  https://reddit.com/r/wallstreetbets/comments/qnajpa/friday/?utm_source=dlvr.it&utm_medium=%5Btwitter%5D&utm_campaign=%5Bcorqtrade%5D…,,,
"Macao Casino Trading Slot #stocks Macau 钱 金钱 货币 期货
@MacaoChina
·
6h",2021-11-05T13:14:39.000Z,"I’m trying to be up $1,000 - $3,000 today #Friday #FunDay  

Gots to get my Hair did this weekend 

#StocksToTrade #stocks #wallstreetbets #wsb #investing
GIF
1
2",,1,2
"topstonks
@topstonks
·
6h",2021-11-05T13:14:29.000Z,"$GME seeing sustained chatter on wallstreetbets over the last few days

Via http://topstonks.com/stocks/GME?st_gme…

#gme    #wallstreetbets",,,
"Stock Advicebot 2000
@StockTipRobot
·
6h",2021-11-05T13:13:23.000Z,Following my trading advice will totally get you on #WallStreetBets. Go ahead and pick up some OM Asset Management plc $OMAA #YOLO,,,
"FINAP$E
@FintwitSynapse
·
7h",2021-11-05T13:00:08.000Z,"Top Trending Stocks on #fintwit: 
1. $PFE 
2. $SPY 
3. $PTON 
4. $SPX
5. $MRNA
6. $QQQ
7. $DDOG
8. $ABNB
9. $DKNG
10. $NEW

Telegram for frequent updates: 
https://bit.ly/3jLkwmO

#investing #stocks #wallstreetbets
1",,,1
"Gravity Analytica
@GravityAnalyti1
·
7h",2021-11-05T13:00:00.000Z,"#WallStreetBets #WSB Top Stock Mentions' Money to Move

$AMD: $17B
$BIT: $71M
$CAR: $1B
$GME: $1B
$JOB: $5M
$BBBY: $200M
$BEST: $51M
$HOPE: $180M
$LIFE: $24M
$LOVE: $130M

See more... https://gravityanalyticaresearch.com https://gravityanalytica.com",,,
"topstonks
@topstonks
·
7h",2021-11-05T12:54:29.000Z,"$WISH seeing sustained chatter on wallstreetbets over the last few days

Via http://topstonks.com/stocks/WISH?st_wish…

#wish    #wallstreetbets",,,
"Jimy.app
@JimyTwits
·
7h",2021-11-05T12:44:00.000Z,"$UHS 

Like  
#daytrading #YOLO #bottomfishing #trading #investments #news #StocksToWatch #FOMO #RedditArmy #ToTheMoon #Stocks #StocksToBuy #wallstreetbets",,,
"Antonio
@AFtuit
·
7h",2021-11-05T12:44:00.000Z,"$UHS 

Like  
#daytrading #YOLO #bottomfishing #trading #investments #news #StocksToWatch #FOMO #RedditArmy #ToTheMoon #Stocks #StocksToBuy #wallstreetbets",,,
"Symbol Stock Alerts
@symbolalerts
·
7h",2021-11-05T12:39:00.000Z,"  Sign up now for the latest stock market news and real time alerts. Link in bio  
#stocks #stockmarket #pennystocks #investing #stockstowatch #AMC #Wallstreetbets #trading #Investor #gme
$KOSS 
$ANY
$ORPH
$ALF 
$AMC",,,
"topstonks
@topstonks
·
7h",2021-11-05T12:34:28.000Z,"$PENN one of the most mentioned on wallstreetbets over the last 24 hours

Via http://topstonks.com/stocks/PENN?st_penn…

#penn    #wallstreetbets",,,
"FINAP$E
@FintwitSynapse
·
7h",2021-11-05T12:30:07.000Z,"Top Trending Stocks on #fintwit: 
1. $NET 
2. $MRNA 
3. $PFE 
4. $BKKT
5. $SPY
6. $ABNB
7. $NEW
8. $SPX
9. $KR
10. $QQQ

Telegram for frequent updates: 
https://bit.ly/3jLkwmO

#investing #stocks #wallstreetbets",,,
"QuikThinx_AllThots
@QuikThinx_AT
·
7h",2021-11-05T12:21:46.000Z,"I should start a blog..
$NRDS #WallStreetBets
1
1",1,,1
"trendwhizo
@trendwhizo
·
7h",2021-11-05T12:20:53.000Z,"#premarket

Gap
$DDOG
$OTRK
$BILL
$FROG
$CDXS
$EXPE
$PFE 
$MNR

Gap
$PTON
$DCPH
$BLUE 
$ADGI 
$AAOI 
$RNLX 

#equities trending in #wallstreetbets
$NVDA
$TSLA
$PTON
$DKNG
$AMD
$SAVA

#stocks #news #EconTwitter #BTC
#CryptoNews #altcoin #fintwit #FridayMotivation #Kanye
GIF
2
1",2,,1
"Jimy.app
@JimyTwits
·
7h",2021-11-05T12:18:00.000Z,"Take a look to:  $MRNA -17.89% 

#bottomfishing #ToTheMoon #StocksToBuy #daytrading #news #FOMO #trading #RedditArmy #Stocks #investments #YOLO #StocksToWatch #wallstreetbets 
 https://jimy.app/?Simbolo=MRNA&xlo=1636114680.0139…
1",,1,
"Defi Renaissance
@DefiMaverick
·
7h",2021-11-05T12:17:54.000Z,"Tesla Techs suggesting imminent drop today below 1100-1075 #Wallstreetbets #Reddit #Bitcoin #Dogecoin #GME #AMC #Dogecoin #Tesla crash #stonks
1
1",,1,1
"topstonks
@topstonks
·
7h",2021-11-05T12:14:23.000Z,"$UBER one of the most mentioned on wallstreetbets over the last 24 hours

Via http://topstonks.com/stocks/UBER?st_uber…

#uber    #wallstreetbets",,,
"علاء فوزي
@AlaaFawzy1991
·
8h",2021-11-05T11:55:39.000Z,"قبل أن يدق جرس #تداول مؤشر #داو_جونز 

#بيانات_التوظيف_الأمريكية سيكون لها تأثير قوي على تحركات #الأسهم_الأمريكية خاصة الداو
 للتفاصيل، اضغط على الرابط التالي 

https://arabictrader.com/ar/analysis/stock-market/7415… 

#الدولار #الولايات_المتحدة #اسهم #StockMarket #wallstreetbets #DOW
1
1",1,,1
"topstonks
@topstonks
·
8h",2021-11-05T11:44:24.000Z,"$PINS one of the most mentioned on wallstreetbets over the last 24 hours

Via http://topstonks.com/stocks/PINS?st_pins…

#pins    #wallstreetbets",,,
"corqstonk
@corqtrade
·
8h",2021-11-05T11:36:33.000Z,#wallstreetbets Why doesn't everyone just buy LEAPS? https://reddit.com/r/wallstreetbets/comments/qn3z11/why_doesnt_everyone_just_buy_leaps/?utm_source=dlvr.it&utm_medium=%5Btwitter%5D&utm_campaign=%5Bcorqtrade%5D…,,,
"FINAP$E
@FintwitSynapse
·
8h",2021-11-05T11:30:07.000Z,"Top Trending Stocks on #fintwit: 
1. $PFE 
2. $DCPH 
3. $PTON 
4. $SPX
5. $DKNG
6. $SPY
7. $OCGN
8. $MRNA
9. $CGC
10. $ABNB

Telegram for frequent updates: 
https://bit.ly/3jLkwmO

#investing #stocks #wallstreetbets
1
1",,1,1
"Defi Renaissance
@DefiMaverick
·
8h",2021-11-05T11:30:05.000Z,"Tesla Stock Is Overvalued by at least 500 bil -600 bil . Tesla Stock & Cap to be cut in half   #Wallstreetbets #Altcoin #Stonks #Tesla #Bitcoin #Dogecoin #Shiba #Dogefather #GME #AMC
barrons.com
Tesla Stock Is Overvalued by $1 Trillion, Analyst Says. We Looked at the Math.
The research firm New Constructs says the stock is priced as if global EV sales will be far higher than is likely in 2030, and as if Tesla will capture the entire market.
1
1",,1,1
"corqstonk
@corqtrade
·
8h",2021-11-05T11:30:04.000Z,#wallstreetbets WSB after $TSLA starts getting handed $8000 per car again https://reddit.com/r/wallstreetbets/comments/qn8nig/wsb_after_tsla_starts_getting_handed_8000_per_car/?utm_source=dlvr.it&utm_medium=%5Btwitter%5D&utm_campaign=%5Bcorqtrade%5D…,,,
"WeaselMomma
@WeaselMomma
·
8h",2021-11-05T11:29:43.000Z,"Sharing for the losers.
$cate #uni $kava #nakd $acb $amp #rdd #bat $okb $ginu $vtho $upr $sxp $iost #microsoft $yfi $pltr $lgtt #wallstreetbets sushi $stx $bsv $tsla #icp $tell $waves $btcb $tel #shibaswap $go $fet #bitcoin $klee $andi $woof $clov $xrp $theta #DASH",,,
"Defi Renaissance
@DefiMaverick
·
8h",2021-11-05T11:23:36.000Z,"Tesla stock price will head below $900 in spans hrs or days  #Wallstreetbets #Tesla #Bitcoin #GME #StockCrash #Shib •#Dogecoin. #ETH #AMC #Altcoins #AMC #Tesla
1
2",,1,2
"Defi Renaissance
@DefiMaverick
·
8h",2021-11-05T11:16:18.000Z,"Pure Fantasy that Tesla has a huge advantage over other EV companies or that its Tech is superior  #Wallstreetbets #Reddit #Bitcoin #Dogecoin #GME #AMC #ETH #Cryptonews
2",,,2
"FINAP$E
@FintwitSynapse
·
9h",2021-11-05T11:00:08.000Z,"Top Trending Stocks on #fintwit: 
1. $PFE 
2. $PTON 
3. $DDOG 
4. $GRPN
5. $ABNB
6. $SWKS
7. $NVDA
8. $OCGN
9. $SPY
10. $PINS

Telegram for frequent updates: 
https://bit.ly/3jLkwmO

#investing #stocks #wallstreetbets
1
1",,1,1
"TCGCoin 2.0
@OfficialTCGCoin
·
9h",2021-11-05T10:54:38.000Z,"Who's excited to see 
@wallstreetbets
 in the #Metaverse ?

#tcgworld X #wallstreetbets 

#GameFi #PlayToEarn #P2E #Meta #BSC
Quote Tweet
AMBCrypto
@CryptoAmb
 · 12h
TCG World partners with Stock Giants WSB to expand their Metaverse  
#pressrelease @OfficialTCGCoin
https://ambcrypto.com/tcg-world-partners-with-stock-giants-wsb-to-expand-their-metaverse/…
2
23
48",2,23,48
"Marco Da Costa
@TraderMacoCosta
·
9h",2021-11-05T10:42:02.000Z,"#WallStreet  Most Mentioned Tickers on WSB #wallstreetbets now:

1. $NVDA
2. $TSLA
3. $PTON 
4. $AMD
5. $SAVA
6. $GME
7. $DKNG 
8. $NET
9. $SQ
10. $F
1",,,1
"FINAP$E
@FintwitSynapse
·
9h",2021-11-05T10:30:08.000Z,"Top Trending Stocks on #fintwit: 
1. $PTON 
2. $DDOG 
3. $ABNB 
4. $SPY
5. $PINS
6. $SQ
7. $SRPT
8. $SWKS
9. $NVDA
10. $QCOM

Telegram for frequent updates: 
https://bit.ly/3jLkwmO

#investing #stocks #wallstreetbets
1
1",,1,1
"topstonks
@topstonks
·
9h",2021-11-05T10:14:11.000Z,"$OCGN seeing sustained chatter on wallstreetbets over the last few days

Via http://topstonks.com/stocks/OCGN?st_ocgn…

#ocgn    #wallstreetbets",,,
"Towelie Link in Bio
@TowelieTrades
·
9h",2021-11-05T10:13:02.000Z," Trending tickers on #wallstreetbets reddit: $NVDA, $TSLA, $PTON, $GME, $AMD http://dlvr.it/SBxVfY https://bit.ly/bboxs
towelietrades.wordpress.com
Trending tickers on #wallstreetbets reddit: $NVDA, $TSLA, $PTON, $GME, $AMD
Trending tickers on #wallstreetbets reddit: $NVDA, $TSLA, $PTON, $GME, $AMD",,,
"HOLDOR
@ApesToInfinity
·
9h",2021-11-05T10:12:23.000Z,"#ApeNation #ApeArmy #wallstreetbets
Quote Tweet
HOLDOR
@ApesToInfinity
 · 10h
What do you prefer more?
Show this poll",,,
"WallStreetBets bot
@wallstbot
·
10h",2021-11-05T10:05:41.000Z,"4.4k YOLO to 720k in 2 weeks. by Bedinor

https://ift.tt/3nZxXBN

#wallstreetbets
#wsb
#wsbbot
reddit.com
4.4k YOLO to 720k in 2 weeks.
Posted in r/wallstreetbets by u/Bedinor • 267 points and 106 comments",,,
"WallStreetBets bot
@wallstbot
·
10h",2021-11-05T10:05:41.000Z,"Daily Discussion Thread for November 05, 2021 by OPINION_IS_UNPOPULAR

https://ift.tt/3EJQBV9

#wallstreetbets
#wsb
#wsbbot
reddit.com
Daily Discussion Thread for November 05, 2021
Your daily trading discussion thread. Please keep the shitposting to a minimum. ^Navigate ^WSB|^We ^recommend ^best ^daily...",,,
"corqstonk
@corqtrade
·
10h",2021-11-05T10:01:03.000Z,"#wallstreetbets Daily Discussion Thread for November 05, 2021 https://reddit.com/r/wallstreetbets/comments/qn7rh0/daily_discussion_thread_for_november_05_2021/?utm_source=dlvr.it&utm_medium=%5Btwitter%5D&utm_campaign=%5Bcorqtrade%5D…",,,
"FINAP$E
@FintwitSynapse
·
10h",2021-11-05T10:00:07.000Z,"Top Trending Stocks on #fintwit: 
1. $PINS 
2. $NET 
3. $ABNB 
4. $BILL
5. $DDOG
6. $PTON
7. $SPY
8. $DOCN
9. $SQ
10. $MELI

Telegram for frequent updates: 
https://bit.ly/3jLkwmO

#investing #stocks #wallstreetbets",,,
"CryptoTipsEN
@CryptoTipsEN
·
10h",2021-11-05T09:57:21.000Z,"Is WallStreetBets Pushing Loopring Up 120%? Did They Break Their No Crypto Rule?

#loopring $LRC #crypto #wallstreetbets #reddit #gamestop $GME #VeChain #NFT #blockchain #ethereum
cryptotips.eu
WallStreetBets Pushing Loopring Up 120%? Did They Break Their No Crypto Rule?
WallStreetBets pushed Loopring (LRC) 120% this week because GameStop might partner up with LRC for its NFT project
2",2,,
"CryptoTips
@CryptoTipsEU
·
10h",2021-11-05T09:57:02.000Z,"Laat WallStreetBets Loopring met 120% stijgen? Hebben ze nu wel interesse in crypto?

#loopring $LRC #crypto #wallstreetbets #reddit #gamestop $GME #VeChain #NFT #blockchain #ethereum
cryptotips.eu
Laat WallStreetBets Loopring met 120% stijgen? Hebben ze nu wel interesse in crypto?
WallStreetBets heeft Loopring (LRC) deze week 120% laten stijgen omdat GameStop mogelijk samenwerkt met LRC voor het NFT project
3
1",3,,1
"FINAP$E
@FintwitSynapse
·
11h",2021-11-05T09:00:07.000Z,"Top Trending Stocks on #fintwit: 
1. $RWLK 
2. $SGMO 
3. $PTON 
4. $BGFV
5. $ABNB
6. $NVTA
7. $PINS
8. $C
9. $NET
10. $ROKU

Telegram for frequent updates: 
https://bit.ly/3jLkwmO

#investing #stocks #wallstreetbets
2",,,2
"WallStreetBets DApp $WSB
@WSBDapp
·
11h",2021-11-05T09:00:01.000Z,"@DigtlMarkets
 @Liquid_BTC
 @Blockstream
 and 
@merjexchange
 are working with us on The People's Fund!  Don't get left behind! Read this blog to learn more!

 https://blog.wsbdapp.com/wsb-kicks-bitcoins-defi-train-into-gear-introducing-retail-funds-with-liquid-network-b209bb3ade4f…

#DeFi #crypto #cryptocurrency $WSB #wallstreetbets $BTC #PowerToThePeople
3",,,3
"Duikb oot
@CBo12788272
·
11h",2021-11-05T08:58:49.000Z,"Great month for SafeBLAST - $Blast , 498% up.  

#Safeblast #blast #safemoon #safemars #doge #dogearmy #crypto #cryptocurrency #cryptocurrencies #Altseason2021 #altcoins #xrp #xvg #etc #btc #bitcoin #cryptonews #elon #shib #shiba #shibarmy #shibacoin #wallstreetbets
1
1
2",1,1,2
"topstonks
@topstonks
·
11h",2021-11-05T08:54:04.000Z,"$DKNG was the 8th most mentioned on wallstreetbets over the last 24 hours

Via http://topstonks.com/stocks/DKNG?st_dkng…

#dkng    #wallstreetbets",,,
"corqstonk
@corqtrade
·
11h",2021-11-05T08:33:03.000Z,"#wallstreetbets Chinese real estate developer Kaisa halts trading in Hong Kong, as debt concerns escalate https://reddit.com/r/wallstreetbets/comments/qn4p40/chinese_real_estate_developer_kaisa_halts_trading/?utm_source=dlvr.it&utm_medium=%5Btwitter%5D&utm_campaign=%5Bcorqtrade%5D…",,,
"FINAP$E
@FintwitSynapse
·
11h",2021-11-05T08:30:05.000Z,"Top Trending Stocks on #fintwit: 
1. $SGMO 
2. $NVTA 
3. $ABNB 
4. $PINS
5. $RWLK
6. $BGFV
7. $FDMT
8. $ROKU
9. $PTON
10. $C

Telegram for frequent updates: 
https://bit.ly/3jLkwmO

#investing #stocks #wallstreetbets
1",,,1
"topstonks
@topstonks
·
11h",2021-11-05T08:23:56.000Z,"$AMC one of the most mentioned on wallstreetbets over the last 7 days

Via http://topstonks.com/stocks/AMC?st_amc…

#amc    #wallstreetbets",,,
"FINAP$E
@FintwitSynapse
·
12h",2021-11-05T08:00:05.000Z,"Top Trending Stocks on #fintwit: 
1. $ROKU 
2. $NVTA 
3. $SGMO 
4. $C
5. $NET
6. $PINS
7. $PTON
8. $TSLA
9. $ABNB
10. $SAMO

Telegram for frequent updates: 
https://bit.ly/3jLkwmO

#investing #stocks #wallstreetbets
1",1,,
"WallStreetBets bot
@wallstbot
·
12h",2021-11-05T07:48:41.000Z,"Meanwhile, at Ford by thesippycup

https://ift.tt/3CKWfWr

#wallstreetbets
#wsb
#wsbbot
reddit.com
Meanwhile, at Ford
Posted in r/wallstreetbets by u/thesippycup • 226 points and 57 comments",,,
"Virtue Capital
@virtuecapital_
·
12h",2021-11-05T07:15:23.000Z,"BTC Sentiment (Price $62300)

What's next for BTC?

$ETH $XRP $LINK $ADA $UNI $AAPL $TSLA $AMZN $SPY $QQQ $DOGE $GLD $HBAR $NVDA $SOL $BNB $GME $AVAX $AMC $FB $SOL $AXS $ICP $SHIB $GRT $CAKE $DOT #WSB #OOTT #DDTG #crypto #wallstreetbets #news #ethereum #cryptopoll #bitcoin   #btc
$66300
71%
$58300
29%
31 votes
·
Final results
2
2",2,,2
"Wall Street Bets Korea
@korea_wsb
·
12h",2021-11-05T07:14:35.000Z,"커뮤니티 하는 소리를 잘 듣고 있습니다! 

$WSB 멤버들 다수가 #DeFi ETP은 찬성했고 승인되었습니다!  블로그를 확인하시고 #financialrevolution 위한 마음 준비 하셔요! 

https://blog.wsbdapp.com/wsb-defi-etp-vote-results-a-resounding-yes-eea6c7dfaff4…

#crypto #cryptocurrency #PowerToThePeople #wallstreetbets
blog.wsbdapp.com
WSB DeFi ETP Vote Results: a resounding “YES”
Thank you to the WSB Community for participating in the latest vote!
3",,,3
"WallStreetBets bot
@wallstbot
·
13h",2021-11-05T07:06:05.000Z,"There's no other way by YoloMing

https://ift.tt/3CM63zy

#wallstreetbets
#wsb
#wsbbot
reddit.com
There's no other way
Posted in r/wallstreetbets by u/YoloMing • 216 points and 23 comments",,,
"WallStreetBets bot
@wallstbot
·
13h",2021-11-05T07:06:05.000Z,"I belong here by TheManSoNice

https://ift.tt/3COuigv

#wallstreetbets
#wsb
#wsbbot
reddit.com
I belong here
Posted in r/wallstreetbets by u/TheManSoNice • 198 points and 20 comments",,,
"WallStreetBets bot
@wallstbot
·
13h",2021-11-05T07:06:04.000Z,"We are both sleeping on streets by manchest_hair_united

https://ift.tt/3034wGW

#wallstreetbets
#wsb
#wsbbot
reddit.com
We are both sleeping on streets
Posted in r/wallstreetbets by u/manchest_hair_united • 188 points and 21 comments",,,
"WallStreetBets bot
@wallstbot
·
13h",2021-11-05T07:06:02.000Z,"People still using Robinhood by ZiRoRi

https://ift.tt/3CHqn4W

#wallstreetbets
#wsb
#wsbbot
reddit.com
People still using Robinhood
Posted in r/wallstreetbets by u/ZiRoRi • 332 points and 72 comments",,,
"WallStreetBets bot
@wallstbot
·
13h",2021-11-05T07:06:01.000Z,"It's a Fugayzee Fugahzee it's imaginary by King99T

https://ift.tt/2ZX2V52

#wallstreetbets
#wsb
#wsbbot
reddit.com
It's a Fugayzee Fugahzee it's imaginary
Posted in r/wallstreetbets by u/King99T • 50 points and 25 comments",,,
"WallStreetBets bot
@wallstbot
·
13h",2021-11-05T07:06:00.000Z,"PTON GUHHH by jmaldana7

https://ift.tt/2YmzLfy

#wallstreetbets
#wsb
#wsbbot
reddit.com
PTON GUHHH
Posted in r/wallstreetbets by u/jmaldana7 • 369 points and 89 comments",,,
"WallStreetBets bot
@wallstbot
·
13h",2021-11-05T07:05:59.000Z,"Its the way it goes by Autist420-69

https://ift.tt/3H0ROtc

#wallstreetbets
#wsb
#wsbbot
reddit.com
Its the way it goes
Posted in r/wallstreetbets by u/Autist420-69 • 627 points and 27 comments",,,
"WallStreetBets bot
@wallstbot
·
13h",2021-11-05T07:05:58.000Z,"What Are Your Moves Tomorrow, November 05, 2021 by OPINION_IS_UNPOPULAR

https://ift.tt/3GLo97b

#wallstreetbets
#wsb
#wsbbot
reddit.com
What Are Your Moves Tomorrow, November 05, 2021
What are your moves tomorrow? Please keep the shitposting at a slow boil. ^Navigate ^WSB|^We ^recommend ^best ^daily ^DD :--|:-- **Discussion**...",,,
"topstonks
@topstonks
·
13h",2021-11-05T07:03:49.000Z,"$FB was the 10th most mentioned on wallstreetbets over the last 7 days

Via http://topstonks.com/stocks/FB?st_fb

#fb    #wallstreetbets",,,
"CineMozzarella
@CineMozzarella
·
13h",2021-11-05T07:01:09.000Z,"Gloop's dance looks like he's boutta blow all his gold on GME and AMC calls. 

#Gloop #TFT #teamfighttactics #littlelegend #LeagueOfLegends #lol #WSB #wallstreetbets #tothemoon #GME #AMC #DiamondHands",,,
"FINAP$E
@FintwitSynapse
·
13h",2021-11-05T07:00:06.000Z,"Top Trending Stocks on #fintwit: 
1. $SPY 
2. $PTON 
3. $PINS 
4. $TSLA
5. $ROKU
6. $ABNB
7. $SAMO
8. $C
9. $NET
10. $AMD

Telegram for frequent updates: 
https://bit.ly/3jLkwmO

#investing #stocks #wallstreetbets
1",,,1
"topstonks
@topstonks
·
13h",2021-11-05T06:53:48.000Z,"$AMZN seeing an uptick in chatter on wallstreetbets over the last 24 hours

Via http://topstonks.com/stocks/AMZN?st_amzn…

#amzn    #wallstreetbets",,,
